Tool Name,Description,Category,Link
EcoPredict AI,Predicts environmental changes using satellite data and ML models.,Environment,https://ecopredict.ai
MediAssist AI,AI-powered assistant for diagnosis support and patient care suggestions.,Healthcare,https://mediassist.ai
SpaceAnalyser,Analyzes space exploration data for anomalies and insights.,Space Tech,https://spaceanalyser.com
AIDefense Shield,Cyber defense tool that predicts and neutralizes threats with AI.,Defense,https://aidefenseshield.com
ArtMind Studio,Creative AI that generates artwork styles and concepts.,Art & Creativity,https://artmindstudio.com
GameGenie AI,"AI assistant for game developers: storyline, character, and asset generation.",Gaming,https://gamegenie.ai
ClimateGuard,Monitors global warming indicators and predicts climate risks.,Climate Science,https://climateguard.ai
EduWise AI,AI tutor system providing custom learning paths for students.,Education,https://eduwise.ai
FinGenius,"Financial AI engine predicting stocks, crypto, and market trends.",Finance,https://fingenius.ai
AgroVision AI,Crop health and yield prediction using climate and soil data.,Agriculture,https://agrovision.ai
OceanSense AI,"Ocean monitoring AI for pollution, marine life tracking, and prediction.",Environment,https://oceansense.ai
UrbanFlow,"Urban planning assistant predicting traffic, pollution, and construction impacts.",Urban Planning,https://urbanflow.ai
AeroStruct AI,Aircraft structure analysis and stress prediction using deep learning.,Aerospace,https://aerostruct.ai
QuantumTutor,AI tutor for quantum physics and complex science subjects.,Education,https://quantumtutor.ai
HealthScope AI,Predicts health epidemics and optimizes resource allocation.,Healthcare,https://healthscope.ai
LegalEase AI,Automated document review and legal advice generation.,LegalTech,https://legalease.ai
FashionSynth,Generates new clothing designs and fashion trends prediction.,Fashion,https://fashionsynth.ai
SmartEnergyGrid,Optimizes smart grids and predicts energy demand patterns.,Energy,https://smartenergygrid.ai
VoiceMimic AI,Realistic AI voice cloning and audio generation tool.,Voice Tech,https://voicemimic.ai
DocuScan AI,Scans documents for authenticity and content analysis.,Document Analysis,https://docuscan.ai
